Africa;Algeria;[](#sprite6-p3)
Africa;Angola;[](#sprite6-p5)
Africa;Benin;[](#sprite6-p19)
Africa;Botswana;[](#sprite6-p23)
Africa;Burkina Faso;[](#sprite6-p27)
Africa;Burundi;[](#sprite6-p28)
Africa;Cameroon;[](#sprite6-p30)
Africa;Cape Verde;[](#sprite6-p32)
Africa;Central African Republic;[](#sprite6-p33)
Africa;Chad;[](#sprite6-p34)
Africa;Comoros;[](#sprite6-p38)
Africa;Congo;[](#sprite6-p40)
Africa;Côte d'Ivoire;[](#sprite6-p42)
Africa;Djibouti;[](#sprite6-p48)
Africa;DR Congo;[](#sprite6-p39)
Africa;Egypt;[](#sprite6-p52)
Africa;Equatorial Guinea;[](#sprite6-p54)
Africa;Eritrea;[](#sprite6-p55)
Africa;Ethiopia;[](#sprite6-p57)
Africa;Gabon;[](#sprite6-p61)
Africa;Gambia;[](#sprite6-p62)
Africa;Ghana;[](#sprite6-p65)
Africa;Guinea;[](#sprite6-p69)
Africa;Guinea-Bissau;[](#sprite6-p70)
Africa;Kenya;[](#sprite6-p87)
Africa;Lesotho;[](#sprite6-p96)
Africa;Liberia;[](#sprite6-p97)
Africa;Libya;[](#sprite6-p98)
Africa;Madagascar;[](#sprite6-p103)
Africa;Malawi;[](#sprite6-p104)
Africa;Mali;[](#sprite6-p107)
Africa;Mauritania;[](#sprite6-p110)
Africa;Mauritius;[](#sprite6-p111)
Africa;Morocco;[](#sprite6-p118)
Africa;Mozambique;[](#sprite6-p119)
Africa;Namibia;[](#sprite6-p121)
Africa;Niger;[](#sprite6-p127)
Africa;Nigeria;[](#sprite6-p128)
Africa;Rwanda;[](#sprite6-p143)
Africa;São Tomé and Príncipe;[](#sprite6-p149)
Africa;Senegal;[](#sprite6-p151)
Africa;Seychelles;[](#sprite6-p153)
Africa;Sierra Leone;[](#sprite6-p154)
Africa;Somalia;[](#sprite6-p159)
Africa;South Africa;[](#sprite6-p160)
Africa;South Sudan;[](#sprite6-p235)
Africa;Sudan;[](#sprite6-p163)
Africa;Swaziland;[](#sprite6-p165)
Africa;Tanzania;[](#sprite6-p170)
Africa;Togo;[](#sprite6-p173)
Africa;Tunisia;[](#sprite6-p176)
Africa;Uganda;[](#sprite6-p180)
Africa;Zambia;[](#sprite6-p192)
Africa;Zanzibar;[](#sprite6-p233)
Africa;Zimbabwe;[](#sprite6-p193)
Asia;Afghanistan;[](#sprite6-p1)
Asia;Bahrain;[](#sprite6-p13)
Asia;Bangladesh;[](#sprite6-p14)
Asia;Bhutan;[](#sprite6-p20)
Asia;Brunei Darussalam;[](#sprite6-p25)
Asia;Cambodia;[](#sprite6-p29)
Asia;China;[](#sprite6-p36)
Asia;Chinese Taipei;[](#sprite6-p194)
Asia;Hong Kong;[](#sprite6-p215)
Asia;India;[](#sprite6-p76)
Asia;Indonesia;[](#sprite6-p77)
Asia;Iran;[](#sprite6-p78)
Asia;Iraq;[](#sprite6-p79)
Asia;Japan;[](#sprite6-p84)
Asia;Jordan;[](#sprite6-p85)
Asia;Kuwait;[](#sprite6-p91)
Asia;Kyrgyzstan;[](#sprite6-p92)
Asia;Laos;[](#sprite6-p93)
Asia;Lebanon;[](#sprite6-p95)
Asia;Macau;[](#sprite6-p216)
Asia;Malaysia;[](#sprite6-p105)
Asia;Maldives;[](#sprite6-p106)
Asia;Mongolia;[](#sprite6-p116)
Asia;Myanmar;[](#sprite6-p120)
Asia;Nepal;[](#sprite6-p123)
Asia;North Korea;[](#sprite6-p89)
Asia;Oman;[](#sprite6-p130)
Asia;Pakistan;[](#sprite6-p131)
Asia;Palestine;[](#sprite6-p227)
Asia;Philippines;[](#sprite6-p137)
Asia;Qatar;[](#sprite6-p140)
Asia;Saudi Arabia;[](#sprite6-p150)
Asia;Singapore;[](#sprite6-p155)
Asia;South Korea;[](#sprite6-p90)
Asia;Sri Lanka;[](#sprite6-p162)
Asia;Syria;[](#sprite6-p168)
Asia;Tajikistan;[](#sprite6-p169)
Asia;Thailand;[](#sprite6-p171)
Asia;Tibet;[](#sprite6-p234)
Asia;Timor-Leste;[](#sprite6-p172)
Asia;Turkmenistan;[](#sprite6-p178)
Asia;United Arab Emirates;[](#sprite6-p182)
Asia;Uzbekistan;[](#sprite6-p186)
Asia;Vietnam;[](#sprite6-p190)
Asia;Yemen;[](#sprite6-p191)
Australia & Oceania;American Samoa;[](#sprite6-p212)
Australia & Oceania;Australia;[](#sprite6-p9)
Australia & Oceania;Cook Islands;[](#sprite6-p229)
Australia & Oceania;Fiji;[](#sprite6-p58)
Australia & Oceania;Guam;[](#sprite6-p213)
Australia & Oceania;Kiribati;[](#sprite6-p88)
Australia & Oceania;Marshall Islands;[](#sprite6-p109)
Australia & Oceania;Micronesia;[](#sprite6-p113)
Australia & Oceania;Nauru;[](#sprite6-p122)
Australia & Oceania;New Caledonia;[](#sprite6-p196)
Australia & Oceania;New Zealand;[](#sprite6-p125)
Australia & Oceania;Norfolk Island;[](#sprite6-p195)
Australia & Oceania;Northern Mariana Islands;[](#sprite6-p210)
Australia & Oceania;Palau;[](#sprite6-p132)
Australia & Oceania;Papua New Guinea;[](#sprite6-p134)
Australia & Oceania;Pitcairn Islands;[](#sprite6-p207)
Australia & Oceania;Saint Helena;[](#sprite6-p208)
Australia & Oceania;Samoa;[](#sprite6-p147)
Australia & Oceania;Solomon Islands;[](#sprite6-p158)
Australia & Oceania;Tahiti;[](#sprite6-p230)
Australia & Oceania;Tonga;[](#sprite6-p174)
Australia & Oceania;Tuvalu;[](#sprite6-p179)
Australia & Oceania;Vanuatu;[](#sprite6-p187)
Europe;Albania;[](#sprite6-p2)
Europe;Andorra;[](#sprite6-p4)
Europe;Armenia;[](#sprite6-p8)
Europe;Austria;[](#sprite6-p10)
Europe;Azerbaijan;[](#sprite6-p11)
Europe;Belarus;[](#sprite6-p16)
Europe;Belgium;[](#sprite6-p17)
Europe;Bosnia-Herzegovina;[](#sprite6-p22)
Europe;Bulgaria;[](#sprite6-p26)
Europe;Catalonia;[](#sprite6-p231)
Europe;Croatia;[](#sprite6-p43)
Europe;Cyprus;[](#sprite6-p45)
Europe;Czech Republic;[](#sprite6-p46)
Europe;Denmark;[](#sprite6-p47)
Europe;England;[](#sprite6-p222)
Europe;Estonia;[](#sprite6-p56)
Europe;Faroe Islands;[](#sprite6-p217)
Europe;Finland;[](#sprite6-p59)
Europe;France;[](#sprite6-p60)
Europe;FYR Macedonia;[](#sprite6-p102)
Europe;Georgia;[](#sprite6-p63)
Europe;Germany;[](#sprite6-p64)
Europe;Gibraltar;[](#sprite6-p205)
Europe;Greece;[](#sprite6-p66)
Europe;Greenland;[](#sprite6-p218)
Europe;Guernsey;[](#sprite6-p197)
Europe;Hungary;[](#sprite6-p74)
Europe;Iceland;[](#sprite6-p75)
Europe;Ireland;[](#sprite6-p80)
Europe;Isle of Man;[](#sprite6-p198)
Europe;Israel;[](#sprite6-p81)
Europe;Italy;[](#sprite6-p82)
Europe;Jersey;[](#sprite6-p199)
Europe;Kazakhstan;[](#sprite6-p86)
Europe;Kosovo;[](#sprite6-p226)
Europe;Latvia;[](#sprite6-p94)
Europe;Liechtenstein;[](#sprite6-p99)
Europe;Lithuania;[](#sprite6-p100)
Europe;Luxembourg;[](#sprite6-p101)
Europe;Malta;[](#sprite6-p108)
Europe;Moldova;[](#sprite6-p114)
Europe;Montenegro;[](#sprite6-p117)
Europe;Netherlands;[](#sprite6-p124)
Europe;Northern Ireland;[](#sprite6-p225)
Europe;Norway;[](#sprite6-p129)
Europe;Poland;[](#sprite6-p138)
Europe;Portugal;[](#sprite6-p139)
Europe;Romania;[](#sprite6-p141)
Europe;Russia;[](#sprite6-p142)
Europe;San Marino;[](#sprite6-p148)
Europe;Scotland;[](#sprite6-p223)
Europe;Serbia;[](#sprite6-p152)
Europe;Slovakia;[](#sprite6-p156)
Europe;Slovenia;[](#sprite6-p157)
Europe;Spain;[](#sprite6-p161)
Europe;Sweden;[](#sprite6-p166)
Europe;Switzerland;[](#sprite6-p167)
Europe;Turkey;[](#sprite6-p177)
Europe;Ukraine;[](#sprite6-p181)
Europe;United Kingdom;[](#sprite6-p183)
Europe;Vatican City;[](#sprite6-p188)
Europe;Wales;[](#sprite6-p224)
North & Central America;Anguilla;[](#sprite6-p200)
North & Central America;Antigua and Barbuda;[](#sprite6-p6)
North & Central America;Aruba;[](#sprite6-p220)
North & Central America;Bahamas;[](#sprite6-p12)
North & Central America;Barbados;[](#sprite6-p15)
North & Central America;Belize;[](#sprite6-p18)
North & Central America;Bermuda;[](#sprite6-p201)
North & Central America;British Virgin Islands;[](#sprite6-p202)
North & Central America;Canada;[](#sprite6-p31)
North & Central America;Cayman Islands;[](#sprite6-p203)
North & Central America;Costa Rica;[](#sprite6-p41)
North & Central America;Cuba;[](#sprite6-p44)
North & Central America;Curaçao;[](#sprite6-p219)
North & Central America;Dominica;[](#sprite6-p49)
North & Central America;Dominican Republic;[](#sprite6-p50)
North & Central America;El Salvador;[](#sprite6-p53)
North & Central America;Grenada;[](#sprite6-p67)
North & Central America;Guadeloupe;[](#sprite6-p232)
North & Central America;Guatemala;[](#sprite6-p68)
North & Central America;Haiti;[](#sprite6-p72)
North & Central America;Honduras;[](#sprite6-p73)
North & Central America;Jamaica;[](#sprite6-p83)
North & Central America;Mexico;[](#sprite6-p112)
North & Central America;Montserrat;[](#sprite6-p206)
North & Central America;Netherlands Antilles;[](#sprite6-p221)
North & Central America;Nicaragua;[](#sprite6-p126)
North & Central America;Panama;[](#sprite6-p133)
North & Central America;Puerto Rico;[](#sprite6-p211)
North & Central America;Saint Kitts and Nevis;[](#sprite6-p144)
North & Central America;Saint Lucia;[](#sprite6-p145)
North & Central America;Saint Vincent and the Grenadines;[](#sprite6-p146)
North & Central America;Trinidad and Tobago;[](#sprite6-p175)
North & Central America;Turks and Caicos Islands;[](#sprite6-p209)
North & Central America;United States of America;[](#sprite6-p184)
North & Central America;US Virgin Islands;[](#sprite6-p214)
South America;Argentina;[](#sprite6-p7)
South America;Bolivia;[](#sprite6-p21)
South America;Brasil;[](#sprite6-p24)
South America;Chile;[](#sprite6-p35)
South America;Colombia;[](#sprite6-p37)
South America;Ecuador;[](#sprite6-p51)
South America;Falkland Islands;[](#sprite6-p204)
South America;French Guiana;[](#sprite6-p228)
South America;Guyana;[](#sprite6-p71)
South America;Paraguay;[](#sprite6-p135)
South America;Peru;[](#sprite6-p136)
South America;Suriname;[](#sprite6-p164)
South America;Uruguay;[](#sprite6-p185)
South America;Venezuela;[](#sprite6-p189)
ALBANIA;Bylis Ballsh;[](#sprite5-p386)
ALBANIA;Flamurtari Vlorë;[](#sprite5-p388)
ALBANIA;KF Vllaznia Shkodër;[](#sprite5-p351)
ALBANIA;Kukësi;[](#sprite5-p385)
ALBANIA;Laçi;[](#sprite5-p389)
ALBANIA;Partizani Tiranë;[](#sprite4-p408)
ALBANIA;Skënderbeu Korçë;[](#sprite4-p320)
ALBANIA;Tërbuni Pukë;[](#sprite5-p387)
ALBANIA;Teuta Durrës;[](#sprite5-p384)
ALBANIA;Tirana;[](#sprite5-p390)
AUSTRIA;Admira Wacker;[](#sprite4-p156)
AUSTRIA;Austria Salzburg;[](#sprite2-p109)
AUSTRIA;Austria Wien;[](#sprite1-p364)
AUSTRIA;Blau-Weiß Linz;[](#sprite4-p83)
AUSTRIA;FC Liefering;[](#sprite4-p443)
AUSTRIA;FC Wacker Innsbruck;[](#sprite2-p156)
AUSTRIA;First Vienna;[](#sprite2-p452)
AUSTRIA;LASK Linz;[](#sprite4-p324)
AUSTRIA;Rapid Wien;[](#sprite1-p193)
AUSTRIA;Red Bull Salzburg;[](#sprite1-p455)
AUSTRIA;Rheindorf Altach;[](#sprite5-p90)
AUSTRIA;St. Pölten;[](#sprite8-p190)
AUSTRIA;Sturm Graz;[](#sprite1-p259)
AUSTRIA;SV Grödig;[](#sprite5-p292)
AUSTRIA;SV Mattersburg;[](#sprite5-p293)
AUSTRIA;SV Ried;[](#sprite4-p166)
AUSTRIA;Wiener SK;[](#sprite4-p430)
AUSTRIA;Wolfsberger AC;[](#sprite5-p294)
BELGIUM;Anderlecht;[](#sprite1-p157)
BELGIUM;BX Brussels;[](#sprite2-p478)
BELGIUM;Cercle Brugge;[](#sprite2-p216)
BELGIUM;Charleroi;[](#sprite4-p280)
BELGIUM;Club Brugge;[](#sprite1-p217)
BELGIUM;Eendracht Aalst;[](#sprite4-p161)
BELGIUM;Eendracht Rotem;[](#sprite7-p314)
BELGIUM;Genk;[](#sprite1-p316)
BELGIUM;KAA Gent;[](#sprite2-p37)
BELGIUM;KAS Eupen;[](#sprite8-p201)
BELGIUM;KFCO Beerschot Wilrijk;[](#sprite5-p45)
BELGIUM;KV Kortrijk;[](#sprite4-p165)
BELGIUM;KV Mechelen;[](#sprite2-p15)
BELGIUM;KV Oostende;[](#sprite2-p363)
BELGIUM;KVK Westhoek;[](#sprite4-p317)
BELGIUM;Lierse;[](#sprite2-p256)
BELGIUM;Lokeren;[](#sprite2-p309)
BELGIUM;OHL;[](#sprite2-p323)
BELGIUM;Roeselare;[](#sprite4-p251)
BELGIUM;Royal Antwerp;[](#sprite2-p45)
BELGIUM;Royal Excel Mouscron;[](#sprite4-p215)
BELGIUM;Sint-Truiden;[](#sprite4-p198)
BELGIUM;Standard Liège;[](#sprite1-p351)
BELGIUM;Union Saint-Gilloise;[](#sprite2-p306)
BELGIUM;Waasland-Beveren;[](#sprite4-p500)
BELGIUM;Westerlo;[](#sprite2-p310)
BELGIUM;Zulte Waregem;[](#sprite2-p20)
BULGARIA;Beroe;[](#sprite4-p300)
BULGARIA;Botev Plovdiv;[](#sprite2-p80)
BULGARIA;Botev Vratsa;[](#sprite7-p68)
BULGARIA;Cherno More Varna;[](#sprite5-p30)
BULGARIA;Chernomorets Burgas;[](#sprite2-p328)
BULGARIA;CSKA Sofia;[](#sprite1-p405)
BULGARIA;Levski Sofia;[](#sprite1-p406)
BULGARIA;Litex Lovech;[](#sprite4-p450)
BULGARIA;Lokomotiv Plovdiv;[](#sprite4-p368)
BULGARIA;Ludogorets Razgrad;[](#sprite2-p486)
BULGARIA;Montana;[](#sprite7-p25)
BULGARIA;Pirin Blagoevgrad;[](#sprite5-p373)
BULGARIA;Slavia Sofia;[](#sprite5-p374)
CROATIA;Dinamo Zagreb;[](#sprite1-p197)
CROATIA;Hajduk Split;[](#sprite1-p184)
CROATIA;HNK Cibalia;[](#sprite8-p168)
CROATIA;Inter Zaprešić;[](#sprite5-p223)
CROATIA;Istra 1961;[](#sprite5-p222)
CROATIA;Lokomotiva Zagreb;[](#sprite4-p220)
CROATIA;NK Osijek;[](#sprite2-p178)
CROATIA;Rijeka;[](#sprite2-p121)
CROATIA;RNK Split;[](#sprite5-p221)
CROATIA;Slaven Belupo;[](#sprite5-p224)
CROATIA;Zadar;[](#sprite4-p240)
CYPRUS;AEK Larnaca;[](#sprite4-p135)
CYPRUS;AEL Limassol;[](#sprite5-p379)
CYPRUS;Anorthosis Famagusta;[](#sprite2-p142)
CYPRUS;APOEL;[](#sprite1-p289)
CYPRUS;Apollon Limassol;[](#sprite5-p378)
CYPRUS;Aris Limassol;[](#sprite5-p416)
CYPRUS;Ayia Napa;[](#sprite5-p415)
CYPRUS;Doxa Katokopia;[](#sprite5-p418)
CYPRUS;Enosis Neon Paralimni;[](#sprite5-p419)
CYPRUS;Ermis Aradippou;[](#sprite5-p417)
CYPRUS;Ethnikos Achnas;[](#sprite5-p420)
CYPRUS;Nea Salamis Famagusta;[](#sprite5-p414)
CYPRUS;Omonoia Nicosia;[](#sprite2-p280)
CYPRUS;Pafos FC;[](#sprite5-p161)
CZECHIA;Baník Ostrava;[](#sprite2-p464)
CZECHIA;Bohemians 1905;[](#sprite5-p232)
CZECHIA;Dukla Praha;[](#sprite3-p17)
CZECHIA;Hradec Králové;[](#sprite8-p197)
CZECHIA;Jablonec;[](#sprite5-p91)
CZECHIA;MFK Frýdek-Místek;[](#sprite4-p232)
CZECHIA;MFK Karviná;[](#sprite8-p199)
CZECHIA;Mladá Boleslav;[](#sprite5-p226)
CZECHIA;Příbram;[](#sprite5-p231)
CZECHIA;Sigma Olomouc;[](#sprite2-p381)
CZECHIA;Slavia Praha;[](#sprite2-p21)
CZECHIA;Slovácko;[](#sprite5-p227)
CZECHIA;Slovan Liberec;[](#sprite5-p159)
CZECHIA;Sparta Praha;[](#sprite1-p490)
CZECHIA;Teplice;[](#sprite5-p230)
CZECHIA;Viktoria Plzeň;[](#sprite2-p214)
CZECHIA;Viktoria Žižkov;[](#sprite4-p61)
CZECHIA;Vysočina Jihlava;[](#sprite4-p463)
CZECHIA;Zbrojovka Brno;[](#sprite5-p228)
CZECHIA;Zlin;[](#sprite5-p229)
DENMARK;AaB;[](#sprite1-p283)
DENMARK;Aalborg Chang;[](#sprite4-p478)
DENMARK;Aarhus GF;[](#sprite1-p244)
DENMARK;AC Horsens;[](#sprite2-p137)
DENMARK;Akademisk Boldklub;[](#sprite4-p453)
DENMARK;Brøndby IF;[](#sprite1-p182)
DENMARK;Brønshøj BK;[](#sprite4-p467)
DENMARK;Esbjerg fB;[](#sprite1-p401)
DENMARK;FC Fredericia;[](#sprite7-p220)
DENMARK;FC Copenhagen;[](#sprite1-p113)
DENMARK;FC Midtjylland;[](#sprite1-p484)
DENMARK;FC Nordsjælland;[](#sprite1-p485)
DENMARK;FC Roskilde;[](#sprite5-p177)
DENMARK;Frem;[](#sprite2-p166)
DENMARK;Gladsaxe-Hero;[](#sprite5-p9)
DENMARK;HB Køge;[](#sprite4-p59)
DENMARK;HIK;[](#sprite5-p80)
DENMARK;Hobro IK;[](#sprite4-p276)
DENMARK;Holbaek;[](#sprite7-p88)
DENMARK;Lyngby BK;[](#sprite2-p16)
DENMARK;Nykøbing FC;[](#sprite7-p212)
DENMARK;Odense BK;[](#sprite1-p352)
DENMARK;Randers FC;[](#sprite2-p18)
DENMARK;Silkeborg IF;[](#sprite2-p119)
DENMARK;Skive IK;[](#sprite4-p481)
DENMARK;SønderjyskE;[](#sprite4-p261)
DENMARK;Vejle Boldklub;[](#sprite7-p97)
DENMARK;Viborg FF;[](#sprite4-p381)
ENGLAND;Accrington Stanley;[](#sprite1-p442)
ENGLAND;AFC Fylde;[](#sprite4-p403)
ENGLAND;AFC Hornchurch;[](#sprite4-p213)
ENGLAND;AFC Rushden & Diamonds;[](#sprite2-p205)
ENGLAND;AFC Telford United;[](#sprite4-p247)
ENGLAND;AFC Totton;[](#sprite2-p327)
ENGLAND;AFC Wimbledon;[](#sprite1-p145)
ENGLAND;Aldershot Town;[](#sprite1-p397)
ENGLAND;Alfreton Town;[](#sprite4-p452)
ENGLAND;Altrincham;[](#sprite1-p395)
ENGLAND;Arsenal;[](#sprite1-p1)
ENGLAND;Ashington;[](#sprite4-p250)
ENGLAND;Aston Villa;[](#sprite1-p19)
ENGLAND;Aylesbury United;[](#sprite7-p307)
ENGLAND;Barnet;[](#sprite1-p245)
ENGLAND;Barnsley;[](#sprite1-p212)
ENGLAND;Barrow AFC;[](#sprite2-p30)
ENGLAND;Basingstoke Town;[](#sprite4-p224)
ENGLAND;Bath City;[](#sprite2-p362)
ENGLAND;Bedford Town;[](#sprite5-p158)
ENGLAND;Berwick Rangers;[](#sprite4-p461)
ENGLAND;Birmingham City;[](#sprite1-p102)
ENGLAND;Blackburn Rovers;[](#sprite1-p83)
ENGLAND;Blackpool;[](#sprite1-p146)
ENGLAND;Blyth Spartans;[](#sprite2-p118)
ENGLAND;Bodmin Town;[](#sprite7-p230)
ENGLAND;Bognor Regis Town;[](#sprite2-p435)
ENGLAND;Bolton Wanderers;[](#sprite1-p104)
ENGLAND;Boreham Wood;[](#sprite4-p375)
ENGLAND;Boston United;[](#sprite4-p366)
ENGLAND;Bournemouth;[](#sprite1-p218)
ENGLAND;Bradford City;[](#sprite1-p155)
ENGLAND;Braintree Town;[](#sprite5-p256)
ENGLAND;Brentford;[](#sprite1-p198)
ENGLAND;Bridlington Town;[](#sprite7-p70)
ENGLAND;Brighton & Hove Albion;[](#sprite1-p103)
ENGLAND;Bristol City;[](#sprite1-p158)
ENGLAND;Bristol Rovers;[](#sprite1-p211)
ENGLAND;Bromley;[](#sprite5-p257)
ENGLAND;Burnley;[](#sprite1-p156)
ENGLAND;Burscough FC;[](#sprite4-p332)
ENGLAND;Burton Albion;[](#sprite1-p459)
ENGLAND;Bury;[](#sprite1-p466)
ENGLAND;Cambridge City;[](#sprite2-p244)
ENGLAND;Cambridge United;[](#sprite1-p312)
ENGLAND;Canterbury City;[](#sprite2-p359)
ENGLAND;Carlisle United;[](#sprite1-p305)
ENGLAND;Carshalton Athletic;[](#sprite2-p278)
ENGLAND;Charlton Athletic;[](#sprite1-p147)
ENGLAND;Cheadle Town;[](#sprite7-p48)
ENGLAND;Chelmsford City;[](#sprite5-p122)
ENGLAND;Chelsea;[](#sprite1-p4)
ENGLAND;Cheltenham Town;[](#sprite1-p266)
ENGLAND;Chester FC;[](#sprite1-p315)
ENGLAND;Chesterfield;[](#sprite1-p302)
ENGLAND;Chippenham Town;[](#sprite7-p92)
ENGLAND;Chorley FC;[](#sprite4-p389)
ENGLAND;Clapton;[](#sprite4-p416)
ENGLAND;Colchester United;[](#sprite1-p354)
ENGLAND;Corby Town;[](#sprite2-p164)
ENGLAND;Coventry City;[](#sprite1-p136)
ENGLAND;Crawley Town;[](#sprite2-p38)
ENGLAND;Crewe Alexandra;[](#sprite1-p236)
ENGLAND;Crystal Palace;[](#sprite1-p67)
ENGLAND;Dagenham & Redbridge;[](#sprite2-p242)
ENGLAND;Darlington;[](#sprite2-p41)
ENGLAND;Dartford;[](#sprite4-p279)
ENGLAND;Derby County;[](#sprite1-p116)
ENGLAND;Doncaster Rovers;[](#sprite1-p252)
ENGLAND;Dover Athletic;[](#sprite2-p246)
ENGLAND;Droylsden;[](#sprite2-p169)
ENGLAND;Dulwich Hamlet;[](#sprite4-p479)
ENGLAND;Eastbourne Borough;[](#sprite4-p301)
ENGLAND;Eastleigh;[](#sprite4-p226)
ENGLAND;Ebbsfleet United;[](#sprite2-p354)
ENGLAND;Enfield Town;[](#sprite4-p432)
ENGLAND;Everton;[](#sprite1-p15)
ENGLAND;Exeter City;[](#sprite1-p267)
ENGLAND;Farnborough;[](#sprite2-p400)
ENGLAND;FC Halifax Town;[](#sprite2-p200)
ENGLAND;FC Romania;[](#sprite4-p339)
ENGLAND;FC United;[](#sprite1-p306)
ENGLAND;Fisher;[](#sprite4-p377)
ENGLAND;Fleetwood Town;[](#sprite2-p364)
ENGLAND;Forest Green Rovers;[](#sprite2-p179)
ENGLAND;Frome Town;[](#sprite4-p457)
ENGLAND;Fulham;[](#sprite1-p29)
ENGLAND;Gateshead;[](#sprite4-p307)
ENGLAND;Gillingham;[](#sprite1-p268)
ENGLAND;Glossop North End;[](#sprite4-p491)
ENGLAND;Gloucester City;[](#sprite2-p217)
ENGLAND;Gosport Borough;[](#sprite4-p484)
ENGLAND;Grimsby Town;[](#sprite1-p233)
ENGLAND;Guiseley;[](#sprite5-p258)
ENGLAND;Harrogate Town;[](#sprite2-p465)
ENGLAND;Hartlepool United;[](#sprite1-p428)
ENGLAND;Hastings United;[](#sprite2-p438)
ENGLAND;Havant & Waterlooville;[](#sprite4-p225)
ENGLAND;Hayes & Yeading;[](#sprite2-p367)
ENGLAND;Hemel Hempstead Town;[](#sprite4-p401)
ENGLAND;Hendon;[](#sprite8-p220)
ENGLAND;Hereford FC;[](#sprite5-p36)
ENGLAND;Hinckley AFC;[](#sprite5-p60)
ENGLAND;Histon;[](#sprite2-p311)
ENGLAND;Huddersfield Town;[](#sprite1-p199)
ENGLAND;Hull City;[](#sprite1-p117)
ENGLAND;Hyde;[](#sprite4-p241)
ENGLAND;Ilkeston;[](#sprite4-p256)
ENGLAND;Ipswich Town;[](#sprite1-p118)
ENGLAND;Kettering Town;[](#sprite2-p347)
ENGLAND;Kidderminster Harriers;[](#sprite2-p78)
ENGLAND;King's Lynn Town;[](#sprite4-p314)
ENGLAND;Leamington;[](#sprite4-p245)
ENGLAND;Leeds United;[](#sprite1-p27)
ENGLAND;Leicester City;[](#sprite1-p87)
ENGLAND;Lewes;[](#sprite5-p75)
ENGLAND;Leyton Orient;[](#sprite1-p219)
ENGLAND;Lincoln City;[](#sprite1-p331)
ENGLAND;Liverpool;[](#sprite1-p3)
ENGLAND;London Bees;[](#sprite4-p353)
ENGLAND;Luton Town;[](#sprite1-p206)
ENGLAND;Macclesfield Town;[](#sprite1-p469)
ENGLAND;Maidenhead United;[](#sprite4-p485)
ENGLAND;Maidstone United;[](#sprite1-p492)
ENGLAND;Manchester City;[](#sprite1-p10)
ENGLAND;Manchester United;[](#sprite1-p2)
ENGLAND;Mansfield Town;[](#sprite2-p248)
ENGLAND;Marine;[](#sprite2-p360)
ENGLAND;Matlock Town;[](#sprite4-p497)
ENGLAND;Middlesbrough;[](#sprite1-p91)
ENGLAND;Millwall;[](#sprite1-p185)
ENGLAND;MK Dons;[](#sprite1-p332)
ENGLAND;Morecambe;[](#sprite1-p355)
ENGLAND;Newcastle United;[](#sprite1-p11)
ENGLAND;Newton Aycliffe;[](#sprite7-p200)
ENGLAND;Northampton Town;[](#sprite1-p346)
ENGLAND;Norwich City;[](#sprite1-p44)
ENGLAND;Nottingham Forest;[](#sprite1-p66)
ENGLAND;Notts County;[](#sprite1-p318)
ENGLAND;Nuneaton Town;[](#sprite2-p489)
ENGLAND;Oldham Athletic;[](#sprite1-p255)
ENGLAND;Oxford United;[](#sprite1-p191)
ENGLAND;Paget Rangers;[](#sprite7-p205)
ENGLAND;Paulton Rovers;[](#sprite4-p74)
ENGLAND;Peel AFC;[](#sprite4-p223)
ENGLAND;Peterborough United;[](#sprite1-p269)
ENGLAND;Plymouth Argyle;[](#sprite1-p170)
ENGLAND;Poole Town;[](#sprite4-p384)
ENGLAND;Port Vale;[](#sprite1-p307)
ENGLAND;Portsmouth;[](#sprite1-p85)
ENGLAND;Prescot Cables;[](#sprite4-p456)
ENGLAND;Preston North End;[](#sprite1-p179)
ENGLAND;Queens Park Rangers;[](#sprite1-p57)
ENGLAND;Racing Club Warwick;[](#sprite4-p407)
ENGLAND;Ramsbottom United;[](#sprite4-p404)
ENGLAND;Reading;[](#sprite1-p73)
ENGLAND;Redditch United;[](#sprite2-p52)
ENGLAND;Retford United;[](#sprite5-p89)
ENGLAND;Rochdale AFC;[](#sprite1-p468)
ENGLAND;Rotherham United;[](#sprite1-p404)
ENGLAND;Salford City;[](#sprite7-p66)
ENGLAND;Salisbury City;[](#sprite4-p387)
ENGLAND;Scunthorpe United;[](#sprite1-p278)
ENGLAND;Sheffield FC;[](#sprite4-p495)
ENGLAND;Sheffield United;[](#sprite1-p159)
ENGLAND;Sheffield Wednesday;[](#sprite1-p92)
ENGLAND;Shepshed Dynamo;[](#sprite7-p244)
ENGLAND;Shrewsbury Town;[](#sprite1-p368)
ENGLAND;Skelmersdale United;[](#sprite7-p222)
ENGLAND;Solihull Moors;[](#sprite7-p228)
ENGLAND;Southampton;[](#sprite1-p38)
ENGLAND;Southend United;[](#sprite1-p333)
ENGLAND;Southport;[](#sprite2-p374)
ENGLAND;Spennymoor Town;[](#sprite4-p379)
ENGLAND;St Albans City;[](#sprite4-p380)
ENGLAND;Stafford Rangers;[](#sprite7-p91)
ENGLAND;Stevenage;[](#sprite1-p334)
ENGLAND;Stockport County;[](#sprite1-p335)
ENGLAND;Stoke City;[](#sprite1-p81)
ENGLAND;Stourbridge;[](#sprite7-p69)
ENGLAND;Sunderland;[](#sprite1-p46)
ENGLAND;Sutton United;[](#sprite4-p373)
ENGLAND;Swindon Town;[](#sprite1-p131)
ENGLAND;Tamworth;[](#sprite4-p412)
ENGLAND;Tiverton Town;[](#sprite5-p63)
ENGLAND;Tonbridge Angels;[](#sprite4-p399)
ENGLAND;Torquay United;[](#sprite1-p360)
ENGLAND;Tottenham Hotspur;[](#sprite1-p5)
ENGLAND;Tower Hamlets;[](#sprite7-p131)
ENGLAND;Trafford;[](#sprite4-p418)
ENGLAND;Tranmere Rovers;[](#sprite1-p246)
ENGLAND;Truro City;[](#sprite4-p322)
ENGLAND;Walsall;[](#sprite1-p370)
ENGLAND;Warrington Town;[](#sprite4-p299)
ENGLAND;Watford;[](#sprite1-p112)
ENGLAND;Wealdstone;[](#sprite4-p248)
ENGLAND;Welling United;[](#sprite4-p326)
ENGLAND;Wembley;[](#sprite4-p257)
ENGLAND;West Bromwich Albion;[](#sprite1-p78)
ENGLAND;West Ham United;[](#sprite1-p21)
ENGLAND;Weston-super-Mare;[](#sprite2-p361)
ENGLAND;Weymouth;[](#sprite7-p240)
ENGLAND;Whitehawk;[](#sprite7-p93)
ENGLAND;Wigan Athletic;[](#sprite1-p105)
ENGLAND;Woking;[](#sprite2-p83)
ENGLAND;Wolves;[](#sprite1-p70)
ENGLAND;Workington;[](#sprite4-p470)
ENGLAND;Wycombe Wanderers;[](#sprite1-p336)
ENGLAND;Yeovil Town;[](#sprite1-p239)
ENGLAND;York City;[](#sprite1-p308)
FRANCE;AC Ajaccio;[](#sprite4-p30)
FRANCE;AC Arles-Avignon;[](#sprite4-p111)
FRANCE;Amiens SC;[](#sprite4-p31)
FRANCE;Angers SCO;[](#sprite4-p32)
FRANCE;AS Nancy;[](#sprite2-p211)
FRANCE;Auxerre;[](#sprite2-p265)
FRANCE;Bastia;[](#sprite2-p295)
FRANCE;Bordeaux;[](#sprite1-p271)
FRANCE;Boulogne;[](#sprite4-p108)
FRANCE;Chamois Niortais;[](#sprite5-p346)
FRANCE;Clermont Foot;[](#sprite2-p294)
FRANCE;Dijon;[](#sprite2-p459)
FRANCE;Evian Thonon Gaillard;[](#sprite2-p292)
FRANCE;FC Lorient;[](#sprite2-p107)
FRANCE;Football Bourg-en-Bresse Péronnas 01;[](#sprite5-p345)
FRANCE;Gazélec Ajaccio;[](#sprite5-p131)
FRANCE;Grenoble;[](#sprite2-p380)
FRANCE;Guingamp;[](#sprite2-p296)
FRANCE;Istres;[](#sprite4-p33)
FRANCE;LB Châteauroux;[](#sprite4-p107)
FRANCE;Le Havre AC;[](#sprite2-p197)
FRANCE;Le Mans;[](#sprite2-p293)
FRANCE;Lens;[](#sprite2-p181)
FRANCE;Lille OSC;[](#sprite1-p320)
FRANCE;Metz;[](#sprite1-p429)
FRANCE;Monaco;[](#sprite1-p186)
FRANCE;Montpellier;[](#sprite1-p337)
FRANCE;Nantes;[](#sprite1-p363)
FRANCE;Nîmes Olympique;[](#sprite5-p347)
FRANCE;OGC Nice;[](#sprite2-p71)
FRANCE;Olympique de Marseille;[](#sprite1-p119)
FRANCE;Olympique Lyonnais;[](#sprite1-p106)
FRANCE;Paris;[](#sprite4-p468)
FRANCE;Paris Saint-Germain;[](#sprite1-p35)
FRANCE;RC Strasbourg;[](#sprite4-p155)
FRANCE;Red Star;[](#sprite4-p446)
FRANCE;Saint-Étienne;[](#sprite1-p321)
FRANCE;Sedan;[](#sprite4-p109)
FRANCE;SM Caen;[](#sprite2-p89)
FRANCE;Sochaux;[](#sprite2-p198)
FRANCE;Stade Brestois 29;[](#sprite2-p138)
FRANCE;Stade Lavallois;[](#sprite4-p112)
FRANCE;Stade Reims;[](#sprite2-p389)
FRANCE;Stade Rennais;[](#sprite2-p13)
FRANCE;Toulouse;[](#sprite2-p108)
FRANCE;Tours;[](#sprite2-p388)
FRANCE;Troyes AC;[](#sprite4-p110)
FRANCE;US Créteil-Lusitanos;[](#sprite5-p344)
FRANCE;US Orléans;[](#sprite8-p194)
FRANCE;Valenciennes;[](#sprite4-p106)
GERMANY;1. FC Heidenheim;[](#sprite4-p283)
GERMANY;1. FC Kaiserslautern;[](#sprite1-p178)
GERMANY;1. FC Köln;[](#sprite1-p125)
GERMANY;1. FC Magdeburg;[](#sprite2-p383)
GERMANY;1. FC Nürnberg;[](#sprite1-p176)
GERMANY;1. FC Saarbrücken;[](#sprite2-p68)
GERMANY;1. FC Schweinfurt 05;[](#sprite4-p289)
GERMANY;1. FC Union Berlin;[](#sprite3-p23)
GERMANY;1. FFC Turbine Potsdam;[](#sprite4-p89)
GERMANY;1. FSV Mainz 05;[](#sprite1-p205)
GERMANY;1899 Hoffenheim;[](#sprite1-p353)
GERMANY;Alemannia Aachen;[](#sprite1-p414)
GERMANY;Arminia Bielefeld;[](#sprite1-p290)
GERMANY;Bayer 04 Leverkusen;[](#sprite1-p132)
GERMANY;Bayern München;[](#sprite1-p8)
GERMANY;Berliner FC Dynamo;[](#sprite4-p325)
GERMANY;Borussia Dortmund;[](#sprite1-p12)
GERMANY;Borussia Mönchengladbach;[](#sprite1-p134)
GERMANY;BSG Chemie Leipzig;[](#sprite2-p59)
GERMANY;Chemnitzer FC;[](#sprite4-p82)
GERMANY;Dynamo Dresden;[](#sprite1-p398)
GERMANY;Eintracht Braunschweig;[](#sprite1-p378)
GERMANY;Eintracht Frankfurt;[](#sprite1-p86)
GERMANY;Eintracht Trier;[](#sprite4-p262)
GERMANY;Erzgebirge Aue;[](#sprite2-p434)
GERMANY;FC Augsburg;[](#sprite1-p291)
GERMANY;FC Carl Zeiss Jena;[](#sprite4-p265)
GERMANY;FC Eintracht Bamberg;[](#sprite4-p348)
GERMANY;FC Energie Cottbus;[](#sprite2-p243)
GERMANY;FC Hanau 93;[](#sprite2-p322)
GERMANY;FC Ingolstadt;[](#sprite4-p477)
GERMANY;FC Schalke 04;[](#sprite1-p79)
GERMANY;FC St. Pauli;[](#sprite1-p114)
GERMANY;Fortuna Düsseldorf;[](#sprite1-p203)
GERMANY;Fortuna Köln;[](#sprite8-p198)
GERMANY;FSV Frankfurt;[](#sprite4-p171)
GERMANY;FSV Zwickau;[](#sprite8-p202)
GERMANY;Hallescher FC;[](#sprite4-p405)
GERMANY;Hamburger SV;[](#sprite1-p74)
GERMANY;Hannover 96;[](#sprite1-p177)
GERMANY;Hansa Rostock;[](#sprite1-p304)
GERMANY;Hertha Berlin;[](#sprite1-p121)
GERMANY;Hessen Kassel;[](#sprite5-p24)
GERMANY;Holstein Kiel;[](#sprite2-p352)
GERMANY;Karlsruher SC;[](#sprite1-p260)
GERMANY;KFC Uerdingen 05;[](#sprite4-p335)
GERMANY;Kickers Offenbach;[](#sprite2-p111)
GERMANY;Lüneburger SK Hansa;[](#sprite5-p125)
GERMANY;MSV Duisburg;[](#sprite1-p367)
GERMANY;RB Leipzig;[](#sprite5-p14)
GERMANY;Rot-Weiß Erfurt;[](#sprite7-p187)
GERMANY;Rot-Weiss Essen;[](#sprite2-p158)
GERMANY;Rot-Weiß Oberhausen;[](#sprite5-p260)
GERMANY;Sandhausen;[](#sprite4-p284)
GERMANY;SC Freiburg;[](#sprite1-p154)
GERMANY;SC Fürstenfeldbruck;[](#sprite7-p420)
GERMANY;SC Hauenstein;[](#sprite8-p239)
GERMANY;SC Ostenland;[](#sprite5-p13)
GERMANY;SC Paderborn 07;[](#sprite2-p231)
GERMANY;SC Preußen Münster;[](#sprite1-p467)
GERMANY;SG Sonnenhof Großaspach;[](#sprite8-p203)
GERMANY;Sportfreunde Lotte;[](#sprite7-p424)
GERMANY;SpVgg Bayern Hof;[](#sprite5-p73)
GERMANY;SpVgg Bayreuth;[](#sprite7-p366)
GERMANY;SpVgg Greuther Fürth;[](#sprite2-p43)
GERMANY;SpVgg Unterhaching;[](#sprite4-p406)
GERMANY;SSV Jahn Regensburg;[](#sprite4-p315)
GERMANY;SSV Reutlingen 05;[](#sprite4-p221)
GERMANY;SSV Ulm 1846;[](#sprite2-p333)
GERMANY;Stuttgarter Kickers;[](#sprite2-p492)
GERMANY;SV Babelsberg 03;[](#sprite2-p433)
GERMANY;SV Darmstadt 98;[](#sprite1-p489)
GERMANY;SV Tasmania Berlin;[](#sprite4-p355)
GERMANY;SV Wacker Burghausen;[](#sprite2-p349)
GERMANY;SV Waldhof Mannheim;[](#sprite2-p172)
GERMANY;SV Wehen Wiesbaden;[](#sprite2-p375)
GERMANY;SV Wuppertaler;[](#sprite4-p336)
GERMANY;TSV 1860 München;[](#sprite1-p254)
GERMANY;TSV Kleinrinderfeld;[](#sprite8-p163)
GERMANY;TuS Koblenz;[](#sprite5-p5)
GERMANY;VfB Lübeck;[](#sprite7-p216)
GERMANY;VfB Oldenburg;[](#sprite2-p414)
GERMANY;VfB Stuttgart;[](#sprite1-p68)
GERMANY;VfL Bochum;[](#sprite1-p317)
GERMANY;VfL Osnabrück;[](#sprite4-p239)
GERMANY;VfL Wolfsburg;[](#sprite1-p427)
GERMANY;VfR Aalen;[](#sprite4-p476)
GERMANY;Viktoria Köln;[](#sprite5-p483)
GERMANY;Werder Bremen;[](#sprite1-p64)
GERMANY;Westfalia Herne;[](#sprite4-p80)
GERMANY;Wormatia Worms;[](#sprite2-p170)
GERMANY;Würzburger Kickers;[](#sprite4-p417)
GREECE;AEK Athens;[](#sprite1-p284)
GREECE;AEL;[](#sprite2-p279)
GREECE;AO Trikala;[](#sprite7-p207)
GREECE;Aris;[](#sprite2-p303)
GREECE;Asteras Tripolis;[](#sprite2-p432)
GREECE;Atromitos;[](#sprite4-p72)
GREECE;Doxa Drama;[](#sprite4-p272)
GREECE;Ergotelis;[](#sprite7-p476)
GREECE;FC Serres;[](#sprite4-p282)
GREECE;Iraklis;[](#sprite5-p102)
GREECE;Kalloni;[](#sprite5-p110)
GREECE;Levadiakos;[](#sprite5-p109)
GREECE;OFI;[](#sprite4-p163)
GREECE;Olympiacos;[](#sprite1-p139)
GREECE;Panathinaikos;[](#sprite1-p183)
GREECE;Panetolikos;[](#sprite5-p108)
GREECE;Panionios;[](#sprite4-p175)
GREECE;Panthrakikos;[](#sprite5-p107)
GREECE;PAOK;[](#sprite1-p413)
GREECE;PAS Giannina;[](#sprite5-p106)
GREECE;Platanias;[](#sprite5-p105)
GREECE;Veria;[](#sprite5-p103)
GREECE;Xanthi;[](#sprite5-p104)
HUNGARY;Békéscsaba 1912 Előre SE;[](#sprite5-p265)
HUNGARY;Debrecen;[](#sprite2-p305)
HUNGARY;Diósgyőr;[](#sprite4-p216)
HUNGARY;Ferencváros;[](#sprite2-p146)
HUNGARY;Gyirmót FC Győr;[](#sprite8-p169)
HUNGARY;Győr;[](#sprite4-p40)
HUNGARY;Honvéd;[](#sprite2-p396)
HUNGARY;Kaposvár;[](#sprite2-p282)
HUNGARY;Mezőkövesd-Zsóry SE;[](#sprite8-p170)
HUNGARY;MTK Budapest;[](#sprite2-p213)
HUNGARY;Paksi SE;[](#sprite5-p264)
HUNGARY;Puskás Akadémia;[](#sprite5-p263)
HUNGARY;Szombathelyi Haladás;[](#sprite5-p262)
HUNGARY;Újpest;[](#sprite2-p304)
HUNGARY;Vasas;[](#sprite5-p266)
HUNGARY;Videoton;[](#sprite2-p128)
IRELAND;Athlone Town;[](#sprite2-p175)
IRELAND;Bohemians;[](#sprite1-p386)
IRELAND;Bray Wanderers;[](#sprite1-p376)
IRELAND;Cabinteely FC;[](#sprite4-p449)
IRELAND;Cobh Ramblers;[](#sprite4-p178)
IRELAND;Cork City;[](#sprite1-p234)
IRELAND;Drogheda United;[](#sprite2-p385)
IRELAND;Dundalk;[](#sprite2-p143)
IRELAND;Finn Harps;[](#sprite2-p116)
IRELAND;Galway United;[](#sprite1-p447)
IRELAND;Limerick;[](#sprite1-p415)
IRELAND;Longford Town;[](#sprite4-p441)
IRELAND;Shamrock Rovers;[](#sprite1-p242)
IRELAND;Shelbourne;[](#sprite1-p409)
IRELAND;Sligo Rovers;[](#sprite1-p358)
IRELAND;St. Patrick's Athletic;[](#sprite1-p384)
IRELAND;UCD;[](#sprite2-p206)
IRELAND;Waterford United;[](#sprite2-p284)
IRELAND;Wexford Youths;[](#sprite4-p291)
ITALY;AC Milan;[](#sprite1-p13)
ITALY;AC Perugia;[](#sprite4-p197)
ITALY;AC Pisa 1909;[](#sprite7-p242)
ITALY;Alessandria;[](#sprite7-p186)
ITALY;AS Roma;[](#sprite1-p36)
ITALY;Ascoli;[](#sprite4-p414)
ITALY;Atalanta;[](#sprite2-p182)
ITALY;Avellino;[](#sprite4-p85)
ITALY;Bari;[](#sprite1-p464)
ITALY;Benevento;[](#sprite4-p424)
ITALY;Bologna;[](#sprite2-p129)
ITALY;Brescia;[](#sprite2-p430)
ITALY;Cagliari;[](#sprite2-p183)
ITALY;Calcio Como;[](#sprite5-p341)
ITALY;Calcio Padova;[](#sprite8-p152)
ITALY;Campobasso;[](#sprite4-p246)
ITALY;Carpi;[](#sprite4-p486)
ITALY;Catania;[](#sprite2-p184)
ITALY;Catanzaro;[](#sprite4-p308)
ITALY;Cesena;[](#sprite2-p342)
ITALY;ChievoVerona;[](#sprite2-p4)
ITALY;Cittadella;[](#sprite8-p248)
ITALY;Cosenza;[](#sprite4-p333)
ITALY;Crotone;[](#sprite5-p337)
ITALY;Empoli;[](#sprite4-p341)
ITALY;Fiorentina;[](#sprite1-p149)
ITALY;Foggia;[](#sprite7-p449)
ITALY;Frosinone;[](#sprite5-p86)
ITALY;Genoa;[](#sprite2-p130)
ITALY;Hellas Verona;[](#sprite2-p90)
ITALY;Internazionale;[](#sprite1-p25)
ITALY;Juve Stabia;[](#sprite8-p151)
ITALY;Juventus;[](#sprite1-p17)
ITALY;Latina;[](#sprite5-p340)
ITALY;Lazio;[](#sprite1-p189)
ITALY;Livorno;[](#sprite2-p266)
ITALY;Maceratese;[](#sprite8-p213)
ITALY;Modena;[](#sprite2-p472)
ITALY;Napoli;[](#sprite1-p75)
ITALY;Novara;[](#sprite4-p172)
ITALY;Palermo;[](#sprite1-p207)
ITALY;Parma;[](#sprite1-p430)
ITALY;Pescara;[](#sprite2-p241)
ITALY;Pistoiese;[](#sprite4-p10)
ITALY;Pro Vercelli;[](#sprite2-p315)
ITALY;Reggina;[](#sprite4-p459)
ITALY;Salernitana;[](#sprite5-p343)
ITALY;Sampdoria;[](#sprite2-p186)
ITALY;SEF Torres 1903;[](#sprite8-p153)
ITALY;Siena;[](#sprite2-p131)
ITALY;SPAL;[](#sprite7-p312)
ITALY;Spezia;[](#sprite5-p4)
ITALY;Taranto;[](#sprite4-p433)
ITALY;Termoli;[](#sprite4-p312)
ITALY;Ternana;[](#sprite5-p342)
ITALY;Torino;[](#sprite1-p486)
ITALY;Trapani;[](#sprite5-p336)
ITALY;Trento Calcio 1921;[](#sprite2-p314)
ITALY;Udinese;[](#sprite1-p310)
ITALY;US Lecce;[](#sprite2-p185)
ITALY;US Sassuolo;[](#sprite4-p340)
ITALY;Varese;[](#sprite5-p136)
ITALY;Venezia;[](#sprite2-p404)
ITALY;Vicenza;[](#sprite2-p366)
ITALY;Virtus Entella;[](#sprite5-p338)
ITALY;Virtus Lanciano;[](#sprite5-p339)
NETHERLANDS;Achilles '29;[](#sprite8-p212)
NETHERLANDS;ADO Den Haag;[](#sprite1-p373)
NETHERLANDS;Ajax;[](#sprite1-p22)
NETHERLANDS;Almere City;[](#sprite4-p436)
NETHERLANDS;AZ Alkmaar;[](#sprite3-p2)
NETHERLANDS;De Graafschap;[](#sprite2-p76)
NETHERLANDS;DOS Kampen;[](#sprite2-p269)
NETHERLANDS;DSV Concordia;[](#sprite4-p313)
NETHERLANDS;Excelsior;[](#sprite2-p398)
NETHERLANDS;Excelsior '31;[](#sprite3-p30)
NETHERLANDS;FC Den Bosch;[](#sprite4-p47)
NETHERLANDS;FC Dordrecht;[](#sprite4-p208)
NETHERLANDS;FC Eindhoven;[](#sprite7-p238)
NETHERLANDS;FC Emmen;[](#sprite8-p210)
NETHERLANDS;FC Groningen;[](#sprite1-p279)
NETHERLANDS;FC Oss;[](#sprite8-p211)
NETHERLANDS;FC Twente;[](#sprite1-p162)
NETHERLANDS;FC Volendam;[](#sprite4-p14)
NETHERLANDS;Feyenoord;[](#sprite1-p65)
NETHERLANDS;Fortuna Sittard;[](#sprite2-p316)
NETHERLANDS;Go Ahead Eagles;[](#sprite2-p127)
NETHERLANDS;Harkemase Boys;[](#sprite5-p1)
NETHERLANDS;Helmond Sport;[](#sprite2-p159)
NETHERLANDS;Heracles Almelo;[](#sprite4-p12)
NETHERLANDS;Kozakken Boys;[](#sprite5-p482)
NETHERLANDS;MVV;[](#sprite2-p497)
NETHERLANDS;NAC Breda;[](#sprite2-p42)
NETHERLANDS;NEC;[](#sprite1-p366)
NETHERLANDS;PEC Zwolle;[](#sprite1-p445)
NETHERLANDS;PSV Eindhoven;[](#sprite1-p120)
NETHERLANDS;RKC Waalwijk;[](#sprite4-p140)
NETHERLANDS;Roda JC;[](#sprite2-p191)
NETHERLANDS;SC Cambuur;[](#sprite1-p473)
NETHERLANDS;SC Heerenveen;[](#sprite1-p311)
NETHERLANDS;SDC Putten;[](#sprite7-p237)
NETHERLANDS;Sparta Rotterdam;[](#sprite2-p5)
NETHERLANDS;Telstar;[](#sprite4-p445)
NETHERLANDS;Utrecht;[](#sprite1-p240)
NETHERLANDS;Vitesse;[](#sprite1-p339)
NETHERLANDS;VV Katwijk;[](#sprite7-p226)
NETHERLANDS;VVV-Venlo;[](#sprite2-p139)
NETHERLANDS;Willem II;[](#sprite4-p79)
NORWAY;Aalesunds FK;[](#sprite1-p465)
NORWAY;Asker;[](#sprite7-p311)
NORWAY;Bodø/Glimt;[](#sprite1-p423)
NORWAY;Brattvåg IL;[](#sprite7-p397)
NORWAY;FK Jerv;[](#sprite4-p458)
NORWAY;Fredrikstad;[](#sprite2-p113)
NORWAY;Frigg Oslo FK;[](#sprite5-p132)
NORWAY;Gjelleråsen IF;[](#sprite7-p363)
NORWAY;HamKam;[](#sprite2-p417)
NORWAY;Hammerfest;[](#sprite4-p352)
NORWAY;Harstad IL;[](#sprite7-p362)
NORWAY;Haugesund;[](#sprite2-p67)
NORWAY;Hønefoss;[](#sprite2-p416)
NORWAY;IK Start;[](#sprite2-p440)
NORWAY;Kongsvinger;[](#sprite7-p269)
NORWAY;Kristiansund BK;[](#sprite7-p224)
NORWAY;Lillestrøm;[](#sprite2-p148)
NORWAY;Mjøndalen;[](#sprite5-p31)
NORWAY;Mo;[](#sprite4-p309)
NORWAY;Molde FK;[](#sprite1-p381)
NORWAY;Moss;[](#sprite4-p258)
NORWAY;Nest-Sotra;[](#sprite5-p259)
NORWAY;Odd;[](#sprite2-p123)
NORWAY;Ranheim Fotball;[](#sprite3-p76)
NORWAY;Rosenborg;[](#sprite3-p15)
NORWAY;Sandefjord;[](#sprite5-p353)
NORWAY;Sandnes Ulf;[](#sprite2-p257)
NORWAY;Sandnessjøen IL;[](#sprite2-p326)
NORWAY;Sarpsborg 08;[](#sprite4-p210)
NORWAY;SFK Lyn;[](#sprite2-p249)
NORWAY;SK Brann;[](#sprite3-p3)
NORWAY;Skeid;[](#sprite3-p9)
NORWAY;Sogndal;[](#sprite2-p442)
NORWAY;Stabæk;[](#sprite1-p474)
NORWAY;Strømsgodset;[](#sprite1-p277)
NORWAY;Tromsdalen UIL;[](#sprite4-p169)
NORWAY;Tromsø;[](#sprite1-p340)
NORWAY;Vålerenga IF;[](#sprite1-p301)
NORWAY;Viking FK;[](#sprite1-p273)
POLAND;Arka Gdynia;[](#sprite4-p153)
POLAND;GKS Bełchatów;[](#sprite4-p393)
POLAND;GKS Katowice;[](#sprite2-p168)
POLAND;Górnik Łęczna;[](#sprite5-p44)
POLAND;Górnik Zabrze;[](#sprite2-p283)
POLAND;Jagiellonia Białystok;[](#sprite2-p44)
POLAND;Korona Kielce;[](#sprite2-p345)
POLAND;KS Cracovia;[](#sprite2-p485)
POLAND;KS Kaszubia;[](#sprite8-p9)
POLAND;KS Lublinianka;[](#sprite8-p241)
POLAND;Lech Poznań;[](#sprite1-p323)
POLAND;Lechia Gdańsk;[](#sprite2-p332)
POLAND;Legia Warszawa;[](#sprite1-p230)
POLAND;Piast Gliwice;[](#sprite5-p43)
POLAND;Podbeskidzie;[](#sprite4-p54)
POLAND;Pogoń Szczecin;[](#sprite2-p484)
POLAND;Polonia Warszawa;[](#sprite2-p271)
POLAND;Radomiak Radom;[](#sprite4-p316)
POLAND;Ruch Chorzów;[](#sprite4-p158)
POLAND;Śląsk Wrocław;[](#sprite2-p50)
POLAND;Ślęza Wrocław;[](#sprite7-p306)
POLAND;Stal Mielec;[](#sprite8-p104)
POLAND;Termalica Bruk-Bet;[](#sprite5-p42)
POLAND;Widzew Łódź;[](#sprite2-p26)
POLAND;Wisła Kraków;[](#sprite1-p280)
POLAND;Wisła Płock;[](#sprite8-p166)
POLAND;Zagłębie Lubin;[](#sprite2-p410)
POLAND;Zawisza Bydgoszcz;[](#sprite4-p207)
PORTUGAL;Académica;[](#sprite1-p385)
PORTUGAL;Académico de Viseu;[](#sprite7-p189)
PORTUGAL;AD Fafe;[](#sprite7-p433)
PORTUGAL;Arouca;[](#sprite4-p493)
PORTUGAL;Beira-Mar;[](#sprite2-p122)
PORTUGAL;Belenenses;[](#sprite2-p201)
PORTUGAL;SL Benfica;[](#sprite1-p26)
PORTUGAL;Boavista;[](#sprite2-p160)
PORTUGAL;Caldas Sport Clube;[](#sprite5-p129)
PORTUGAL;CD Tondela;[](#sprite5-p15)
PORTUGAL;CU Micaelense;[](#sprite8-p216)
PORTUGAL;Estoril;[](#sprite4-p489)
PORTUGAL;FC Ferreiras;[](#sprite7-p232)
PORTUGAL;FC Porto;[](#sprite1-p37)
PORTUGAL;Feirense;[](#sprite4-p211)
PORTUGAL;GD Chaves;[](#sprite4-p7)
PORTUGAL;Gil Vicente;[](#sprite4-p490)
PORTUGAL;Marítimo;[](#sprite2-p245)
PORTUGAL;Moreirense;[](#sprite3-p13)
PORTUGAL;Nacional;[](#sprite2-p494)
PORTUGAL;Naval 1º de Maio;[](#sprite4-p295)
PORTUGAL;Paços de Ferreira;[](#sprite4-p277)
PORTUGAL;Penafiel;[](#sprite4-p235)
PORTUGAL;Rio Ave;[](#sprite2-p496)
PORTUGAL;Santa Clara;[](#sprite4-p91)
PORTUGAL;SC Braga;[](#sprite1-p342)
PORTUGAL;Sporting CP;[](#sprite1-p52)
PORTUGAL;Torreense;[](#sprite4-p292)
PORTUGAL;Famalicão;[](#sprite8-p345)
PORTUGAL;União da Madeira;[](#sprite5-p16)
PORTUGAL;Vitória de Guimarães;[](#sprite2-p99)
PORTUGAL;Vitória de Setúbal;[](#sprite2-p477)
ROMANIA;ACS Poli Timișoara;[](#sprite5-p216)
ROMANIA;Astra Giurgiu;[](#sprite5-p88)
ROMANIA;Ceahlăul Piatra Neamț;[](#sprite2-p372)
ROMANIA;CFR Cluj;[](#sprite2-p94)
ROMANIA;Concordia Chiajna;[](#sprite5-p217)
ROMANIA;CS Universitatea Craiova;[](#sprite5-p220)
ROMANIA;CSMS Iași;[](#sprite4-p70)
ROMANIA;Dinamo Bucureşti;[](#sprite1-p281)
ROMANIA;Farul Constanța;[](#sprite2-p427)
ROMANIA;FC Botoșani;[](#sprite5-p218)
ROMANIA;FC Brașov;[](#sprite2-p451)
ROMANIA;FC Vaslui;[](#sprite4-p134)
ROMANIA;FC Voluntari;[](#sprite5-p219)
ROMANIA;Gaz Metan Mediaș;[](#sprite4-p427)
ROMANIA;Oțelul Galați;[](#sprite4-p132)
ROMANIA;Pandurii;[](#sprite5-p179)
ROMANIA;Petrolul Ploiești;[](#sprite2-p426)
ROMANIA;Rapid București;[](#sprite1-p347)
ROMANIA;SS Politehnica Timișoara;[](#sprite4-p454)
ROMANIA;Steaua Bucureşti;[](#sprite1-p133)
ROMANIA;Târgu Mureș;[](#sprite4-p482)
ROMANIA;Universitatea Cluj;[](#sprite8-p149)
ROMANIA;Universitatea Craiova;[](#sprite2-p82)
ROMANIA;Viitorul Constanța;[](#sprite2-p419)
RUSSIA;Alania Vladikavkaz;[](#sprite2-p415)
RUSSIA;Amkar Perm;[](#sprite2-p297)
RUSSIA;Arsenal Tula;[](#sprite4-p214)
RUSSIA;Baltika Kaliningrad;[](#sprite8-p187)
RUSSIA;CSKA Moskva;[](#sprite1-p220)
RUSSIA;Dinamo Moskva;[](#sprite2-p134)
RUSSIA;Fakel Voronezh;[](#sprite8-p188)
RUSSIA;FC Anzhi Makhachkala;[](#sprite2-p40)
RUSSIA;FC Sibir Novosibirsk;[](#sprite8-p154)
RUSSIA;FC Ufa;[](#sprite5-p112)
RUSSIA;FC Volga Nizhny Novgorod;[](#sprite4-p34)
RUSSIA;Khimki;[](#sprite8-p189)
RUSSIA;Krasnodar;[](#sprite4-p113)
RUSSIA;Krylia Sovetov;[](#sprite4-p114)
RUSSIA;Kuban;[](#sprite4-p115)
RUSSIA;Lokomotiv Moskva;[](#sprite2-p72)
RUSSIA;Luch-Energiya;[](#sprite4-p367)
RUSSIA;Mordovia Saransk;[](#sprite5-p111)
RUSSIA;Neftekhimik Nizhnekamsk;[](#sprite8-p181)
RUSSIA;Orenburg;[](#sprite8-p200)
RUSSIA;PFC Spartak Nalchik;[](#sprite2-p390)
RUSSIA;Rostov;[](#sprite2-p192)
RUSSIA;Rotor Volgograd;[](#sprite4-p177)
RUSSIA;Rubin Kazan;[](#sprite2-p272)
RUSSIA;Shinnik Yaroslavl;[](#sprite8-p185)
RUSSIA;SKA-Khabarovsk;[](#sprite4-p263)
RUSSIA;Sokol Saratov;[](#sprite8-p186)
RUSSIA;Spartak Moskva;[](#sprite1-p247)
RUSSIA;Tambov;[](#sprite8-p182)
RUSSIA;Terek Grozniy;[](#sprite2-p391)
RUSSIA;Tom Tomsk;[](#sprite2-p212)
RUSSIA;Torpedo;[](#sprite4-p200)
RUSSIA;Tosno;[](#sprite8-p183)
RUSSIA;Tyumen;[](#sprite7-p236)
RUSSIA;Ural Sverdlovsk Oblast;[](#sprite4-p269)
RUSSIA;Volgar Astrakhan;[](#sprite8-p184)
RUSSIA;Yakutiya Yakutsk;[](#sprite8-p19)
RUSSIA;Yenisey;[](#sprite4-p469)
RUSSIA;Zenit;[](#sprite3-p11)
SCOTLAND;Aberdeen;[](#sprite1-p128)
SCOTLAND;Airdrieonians;[](#sprite2-p454)
SCOTLAND;Albion Rovers;[](#sprite5-p52)
SCOTLAND;Alloa Athletic;[](#sprite2-p476)
SCOTLAND;Annan Athletic;[](#sprite5-p53)
SCOTLAND;Arbroath;[](#sprite2-p237)
SCOTLAND;Ayr United;[](#sprite1-p412)
SCOTLAND;Bo'ness United;[](#sprite8-p221)
SCOTLAND;Brechin City;[](#sprite4-p383)
SCOTLAND;Celtic;[](#sprite1-p18)
SCOTLAND;Clyde;[](#sprite2-p313)
SCOTLAND;Cove Rangers;[](#sprite4-p444)
SCOTLAND;Cowdenbeath;[](#sprite5-p54)
SCOTLAND;Dumbarton;[](#sprite4-p442)
SCOTLAND;Dundee;[](#sprite1-p314)
SCOTLAND;Dundee United;[](#sprite1-p163)
SCOTLAND;Dunfermline Athletic;[](#sprite1-p300)
SCOTLAND;East Fife;[](#sprite2-p273)
SCOTLAND;East Kilbride;[](#sprite5-p79)
SCOTLAND;East Stirling;[](#sprite5-p55)
SCOTLAND;Edinburgh City;[](#sprite8-p180)
SCOTLAND;Elgin City;[](#sprite2-p141)
SCOTLAND;Falkirk;[](#sprite1-p410)
SCOTLAND;Forfar Athletic;[](#sprite4-p66)
SCOTLAND;Fort William;[](#sprite7-p214)
SCOTLAND;Gala Fairydean Rovers;[](#sprite7-p309)
SCOTLAND;Greenock Morton;[](#sprite1-p297)
SCOTLAND;Hamilton Academical;[](#sprite2-p437)
SCOTLAND;Heart of Midlothian;[](#sprite1-p123)
SCOTLAND;Hibernian;[](#sprite1-p164)
SCOTLAND;Inverness Caledonian Thistle;[](#sprite1-p343)
SCOTLAND;Kilmarnock;[](#sprite1-p356)
SCOTLAND;Linlithgow Rose;[](#sprite7-p137)
SCOTLAND;Livingston;[](#sprite4-p422)
SCOTLAND;Lothian Thistle Hutchison Vale;[](#sprite3-p32)
SCOTLAND;Montrose;[](#sprite5-p56)
SCOTLAND;Motherwell;[](#sprite1-p248)
SCOTLAND;Partick Thistle;[](#sprite1-p327)
SCOTLAND;Peterhead;[](#sprite5-p57)
SCOTLAND;Queen of the South;[](#sprite2-p470)
SCOTLAND;Queen's Park;[](#sprite2-p331)
SCOTLAND;Raith Rovers;[](#sprite2-p471)
SCOTLAND;Rangers;[](#sprite1-p40)
SCOTLAND;Ross County;[](#sprite1-p472)
SCOTLAND;St Johnstone;[](#sprite1-p293)
SCOTLAND;St Mirren;[](#sprite1-p344)
SCOTLAND;Stenhousemuir;[](#sprite5-p58)
SCOTLAND;Stirling Albion;[](#sprite5-p59)
SCOTLAND;Stranraer;[](#sprite2-p495)
SCOTLAND;Wick Academy;[](#sprite4-p302)
SERBIA;Bačka Bačka Palanka;[](#sprite8-p177)
SERBIA;Borac Čačak;[](#sprite5-p313)
SERBIA;Crvena Zvezda (Red Star);[](#sprite1-p165)
SERBIA;Čukarički;[](#sprite5-p64)
SERBIA;Jagodina;[](#sprite5-p307)
SERBIA;Javor Ivanjica;[](#sprite5-p314)
SERBIA;Metalac Gornji Milanovac;[](#sprite5-p311)
SERBIA;Mladost Lučani;[](#sprite5-p309)
SERBIA;Napredak Kruševac;[](#sprite8-p178)
SERBIA;Novi Pazar;[](#sprite5-p308)
SERBIA;OFK Beograd;[](#sprite4-p81)
SERBIA;Partizan;[](#sprite1-p215)
SERBIA;Rad;[](#sprite5-p312)
SERBIA;Radnički Niš;[](#sprite4-p428)
SERBIA;Radnik Surdulica;[](#sprite5-p306)
SERBIA;Spartak Subotica;[](#sprite5-p305)
SERBIA;Vojvodina;[](#sprite2-p193)
SERBIA;Voždovac;[](#sprite5-p310)
SPAIN;Albacete;[](#sprite2-p386)
SPAIN;Alcorcón;[](#sprite5-p70)
SPAIN;Almería;[](#sprite2-p376)
SPAIN;Ath. Bilbao;[](#sprite1-p171)
SPAIN;Atlético Madrid;[](#sprite1-p76)
SPAIN;Badajoz;[](#sprite2-p335)
SPAIN;Barcelona;[](#sprite1-p6)
SPAIN;Cádiz CF;[](#sprite2-p135)
SPAIN;CE Europa;[](#sprite7-p326)
SPAIN;Ceares;[](#sprite5-p157)
SPAIN;Celta Vigo;[](#sprite1-p408)
SPAIN;Club Portugalete;[](#sprite7-p422)
SPAIN;Córdoba;[](#sprite4-p194)
SPAIN;Deportivo Alavés;[](#sprite5-p12)
SPAIN;Deportivo La Coruña;[](#sprite1-p256)
SPAIN;Elche;[](#sprite4-p170)
SPAIN;Espanyol;[](#sprite2-p22)
SPAIN;Getafe;[](#sprite2-p180)
SPAIN;Gimnàstic de Tarragona;[](#sprite5-p69)
SPAIN;Girona FC;[](#sprite4-p254)
SPAIN;Granada;[](#sprite2-p63)
SPAIN;Hércules;[](#sprite4-p160)
SPAIN;Huesca;[](#sprite4-p5)
SPAIN;Las Palmas;[](#sprite2-p153)
SPAIN;Leganés;[](#sprite5-p28)
SPAIN;Levante;[](#sprite2-p105)
SPAIN;Llagostera;[](#sprite5-p68)
SPAIN;Lleida Esportiu;[](#sprite4-p233)
SPAIN;Lugo;[](#sprite4-p464)
SPAIN;Málaga;[](#sprite1-p292)
SPAIN;Mallorca;[](#sprite2-p264)
SPAIN;Marbella;[](#sprite8-p11)
SPAIN;Mirandés;[](#sprite5-p67)
SPAIN;Numancia;[](#sprite5-p66)
SPAIN;Osasuna;[](#sprite2-p87)
SPAIN;Ponferradina;[](#sprite5-p65)
SPAIN;Racing Ferrol;[](#sprite8-p81)
SPAIN;Racing Santander;[](#sprite2-p88)
SPAIN;Rayo Vallecano;[](#sprite2-p9)
SPAIN;Real Betis;[](#sprite1-p296)
SPAIN;Real Jaén;[](#sprite4-p196)
SPAIN;Real Madrid;[](#sprite1-p9)
SPAIN;Real Murcia;[](#sprite4-p472)
SPAIN;Real Oviedo;[](#sprite1-p369)
SPAIN;Real Sociedad;[](#sprite1-p237)
SPAIN;Real Unión;[](#sprite8-p235)
SPAIN;Real Zaragoza;[](#sprite1-p493)
SPAIN;Recreativo Huelva;[](#sprite4-p174)
SPAIN;Reus Deportiu;[](#sprite7-p82)
SPAIN;SD Compostela;[](#sprite5-p62)
SPAIN;SD Eibar;[](#sprite1-p500)
SPAIN;Sevilla;[](#sprite1-p229)
SPAIN;Sporting Gijón;[](#sprite1-p463)
SPAIN;Tenerife;[](#sprite2-p23)
SPAIN;UCAM Murcia;[](#sprite8-p240)
SPAIN;UD Logroñés;[](#sprite5-p61)
SPAIN;Valencia;[](#sprite1-p107)
SPAIN;Valladolid;[](#sprite2-p377)
SPAIN;Villanovense;[](#sprite5-p484)
SPAIN;Villarreal;[](#sprite1-p270)
SPAIN;Xerez;[](#sprite4-p9)
SWEDEN;AIK;[](#sprite1-p108)
SWEDEN;Akropolis IF;[](#sprite5-p436)
SWEDEN;Assyriska FF;[](#sprite4-p287)
SWEDEN;Åtvidaberg;[](#sprite2-p171)
SWEDEN;BK Häcken;[](#sprite2-p104)
SWEDEN;Dalkurd FF;[](#sprite5-p435)
SWEDEN;Djurgårdens IF;[](#sprite1-p141)
SWEDEN;Eskilstuna City FK;[](#sprite7-p231)
SWEDEN;Falkenberg;[](#sprite4-p425)
SWEDEN;GAIS;[](#sprite1-p433)
SWEDEN;Gefle IF;[](#sprite2-p447)
SWEDEN;GIF Sundsvall;[](#sprite2-p149)
SWEDEN;Håbro IF;[](#sprite5-p163)
SWEDEN;Hallstahammars SK;[](#sprite4-p293)
SWEDEN;Halmstads;[](#sprite2-p95)
SWEDEN;Hammarby IF;[](#sprite1-p174)
SWEDEN;Helsingborgs IF;[](#sprite1-p274)
SWEDEN;IF Brommapojkarna;[](#sprite4-p13)
SWEDEN;IF Elfsborg;[](#sprite1-p365)
SWEDEN;IFK Eskilstuna;[](#sprite5-p138)
SWEDEN;IFK Göteborg;[](#sprite1-p180)
SWEDEN;IFK Norrköping;[](#sprite2-p147)
SWEDEN;IK Frej;[](#sprite5-p244)
SWEDEN;IK Sirius;[](#sprite2-p330)
SWEDEN;Jönköpings Södra IF;[](#sprite5-p246)
SWEDEN;Juventus IF;[](#sprite4-p337)
SWEDEN;Kalmar FF;[](#sprite2-p162)
SWEDEN;Landskrona BoIS;[](#sprite2-p421)
SWEDEN;Lunds BK;[](#sprite4-p429)
SWEDEN;Malmö FF;[](#sprite1-p166)
SWEDEN;Mjällby AIF;[](#sprite4-p244)
SWEDEN;Moholms SK;[](#sprite7-p206)
SWEDEN;Motala AIF FK;[](#sprite4-p255)
SWEDEN;Norrby IF;[](#sprite5-p178)
SWEDEN;Nyköpings BIS;[](#sprite8-p164)
SWEDEN;Örebro SK;[](#sprite1-p374)
SWEDEN;Örgryte IS;[](#sprite2-p74)
SWEDEN;Öster;[](#sprite4-p496)
SWEDEN;Östersunds FK;[](#sprite2-p48)
SWEDEN;Parsian IF;[](#sprite5-p354)
SWEDEN;Skövde AIK;[](#sprite7-p89)
SWEDEN;Syrianska FC;[](#sprite4-p71)
SWEDEN;Trelleborgs FF;[](#sprite5-p434)
SWEDEN;Tyresö FF;[](#sprite4-p2)
SWEDEN;Varbergs BoIS;[](#sprite2-p418)
SWEDEN;Västerås SK;[](#sprite4-p488)
SWITZERLAND;AC Bellinzona;[](#sprite4-p328)
SWITZERLAND;FC Aarau;[](#sprite2-p483)
SWITZERLAND;FC Basel;[](#sprite1-p192)
SWITZERLAND;FC Lugano;[](#sprite5-p127)
SWITZERLAND;FC Luzern;[](#sprite2-p281)
SWITZERLAND;FC Sion;[](#sprite2-p474)
SWITZERLAND;FC Thun;[](#sprite2-p473)
SWITZERLAND;FC Wil 1900;[](#sprite2-p431)
SWITZERLAND;FC Winterthur;[](#sprite2-p234)
SWITZERLAND;FC Wohlen;[](#sprite8-p208)
SWITZERLAND;FC Zürich;[](#sprite3-p5)
SWITZERLAND;Grasshoppers;[](#sprite1-p450)
SWITZERLAND;Lausanne-Sport;[](#sprite4-p3)
SWITZERLAND;Servette;[](#sprite2-p96)
SWITZERLAND;St. Gallen;[](#sprite2-p75)
SWITZERLAND;Young Boys;[](#sprite1-p258)
TURKEY;Adanaspor;[](#sprite8-p219)
TURKEY;Akhisar Belediye;[](#sprite3-p25)
TURKEY;Alanyaspor;[](#sprite8-p12)
TURKEY;Altınordu;[](#sprite5-p21)
TURKEY;Antalyaspor;[](#sprite5-p95)
TURKEY;Beşiktaş;[](#sprite1-p160)
TURKEY;Bursaspor;[](#sprite2-p199)
TURKEY;Çaykur Rizespor;[](#sprite5-p96)
TURKEY;Denizlispor;[](#sprite7-p248)
TURKEY;Eskişehirspor;[](#sprite5-p97)
TURKEY;Fenerbahçe;[](#sprite1-p88)
TURKEY;Galatasaray;[](#sprite1-p42)
TURKEY;Gaziantepspor;[](#sprite4-p150)
TURKEY;Gençlerbirliği;[](#sprite4-p199)
TURKEY;Göztepe;[](#sprite2-p194)
TURKEY;İstanbul Başakşehir;[](#sprite5-p98)
TURKEY;Kardemir Karabükspor;[](#sprite8-p222)
TURKEY;Karşıyaka;[](#sprite2-p357)
TURKEY;Kasımpaşa;[](#sprite5-p99)
TURKEY;Kayserispor;[](#sprite2-p443)
TURKEY;Konyaspor;[](#sprite2-p369)
TURKEY;Mersin İdmanyurdu;[](#sprite5-p100)
TURKEY;Orduspor;[](#sprite7-p249)
TURKEY;Osmanlıspor;[](#sprite5-p101)
TURKEY;Samsunspor;[](#sprite4-p205)
TURKEY;Sanica Boru Elazığspor;[](#sprite2-p439)
TURKEY;Sivasspor;[](#sprite2-p382)
TURKEY;Trabzonspor;[](#sprite1-p357)
UKRAINE;Chernomorets Odessa;[](#sprite2-p488)
UKRAINE;Dnipro;[](#sprite2-p176)
UKRAINE;Dynamo Kyiv;[](#sprite1-p231)
UKRAINE;FC Oleksandriya;[](#sprite5-p275)
UKRAINE;Hoverla Uzhhorod;[](#sprite5-p278)
UKRAINE;Karpaty Lviv;[](#sprite5-p279)
UKRAINE;Metalist Kharkiv;[](#sprite2-p58)
UKRAINE;Metalurh Zaporizhya;[](#sprite5-p277)
UKRAINE;NK Veres Rivne;[](#sprite8-p157)
UKRAINE;Olimpik Donetsk;[](#sprite5-p274)
UKRAINE;Shakhtar Donetsk;[](#sprite1-p294)
UKRAINE;Stal Dniprodzerzhynsk;[](#sprite5-p273)
UKRAINE;Volyn Lutsk;[](#sprite5-p276)
UKRAINE;Vorskla;[](#sprite4-p133)
UKRAINE;Zirka Kropyvnytskyi;[](#sprite8-p176)
UKRAINE;Zorya Luhansk;[](#sprite5-p93)
Wales;Cardiff City;[](#sprite1-p80)
Wales;Swansea City;[](#sprite1-p39)
USA;Seattle Sounders;[](#sprite1-p14)
USA;Portland Timbers;[](#sprite1-p20)
USA;Sporting KC;[](#sprite1-p31)
USA;LA Galaxy;[](#sprite1-p28)
USA;Orlando City;[](#sprite1-p94)
USA;Philadelphia Union;[](#sprite1-p32)
USA;Columbus Crew SC;[](#sprite1-p48)
USA;Minnesota United;[](#sprite1-p89)
USA;New York Red Bulls;[](#sprite1-p34)
USA;New England Revolution;[](#sprite1-p55)
USA;DC United;[](#sprite1-p41)
USA;New York City FC;[](#sprite1-p499)
USA;San Jose Earthquakes;[](#sprite1-p54)
USA;Chicago Fire;[](#sprite1-p50)
USA;Houston Dynamo;[](#sprite1-p45)
USA;FC Dallas;[](#sprite1-p69)
USA;Atlanta United FC;[](#sprite5-p34)
USA;Real Salt Lake;[](#sprite1-p77)
USA;Colorado Rapids;[](#sprite1-p93)
USA;FC Dallas;[](#sprite1-p69)
Canada;Toronto FC;[](#sprite1-p53)
Canada;Vancouver Whitecaps;[](#sprite1-p56)
Canada;Montreal Impact;[](#sprite1-p96)
Brazil;Corinthians;[](#sprite1-p90)
Brazil;São Paulo;[](#sprite1-p101)
Brazil;Flamengo;[](#sprite1-p100)
Brazil;Palmeiras;[](#sprite1-p142)
Brazil;Grêmio;[](#sprite1-p130)
Brazil;Chapecoense;[](#sprite4-p397)
Brazil;Internacional;[](#sprite1-p190)
Brazil;Santos;[](#sprite1-p187)
Brazil;Cruzeiro;[](#sprite1-p196)
Brazil;Atlético Mineiro;[](#sprite1-p201)
Brazil;Botafogo;[](#sprite1-p261)
Brazil;Vasco da Gama;[](#sprite1-p265)
Brazil;Fluminense;[](#sprite1-p228)
Brazil;Atlético Paranaense;[](#sprite1-p443)
Brazil;Sport Recife;[](#sprite1-p421)
Brazil;Coritiba;[](#sprite2-p81)
Brazil;Bahia;[](#sprite2-p480)
Brazil;Figueirense;[](#sprite4-p159)
Brazil;Vitória;[](#sprite2-p79)
Brazil;Náutico;[](#sprite2-p19)
Brazil;Ceará;[](#sprite4-p346)
Brazil;Avaí;[](#sprite2-p373)
Brazil;Paraná Clube;[](#sprite2-p370)
Brazil;Goiás;[](#sprite2-p340)
Brazil;Santa Cruz;[](#sprite4-p434)
Brazil;Fortaleza Esporte Clube;[](#sprite5-p7)
Brazil;Juventude;[](#sprite4-p238)
Brazil;Criciúma;[](#sprite3-p10)
Brazil;Vila Nova;[](#sprite2-p232)
Brazil;Remo;[](#sprite4-p242)
Brazil;Ponte Preta;[](#sprite5-p120)
Argentina;Boca Juniors;[](#sprite1-p95)
Argentina;River Plate;[](#sprite1-p110)
Argentina;San Lorenzo;[](#sprite1-p446)
Argentina;Independiente;[](#sprite1-p425)
Argentina;Racing;[](#sprite1-p402)
Argentina;Estudiantes de La Plata;[](#sprite2-p154)
Argentina;Newell's Old Boys;[](#sprite1-p441)
Argentina;Rosario Central;[](#sprite2-p467)
Argentina;Vélez Sarsfield;[](#sprite1-p403)
Argentina;Huracán;[](#sprite2-p86)
Argentina;Belgrano;[](#sprite4-p16)
Argentina;Colón;[](#sprite2-p263)
Argentina;Deportivo Morón;[](#sprite2-p358)
Argentina;Arsenal de Sarandí;[](#sprite2-p177)
Argentina;Banfield;[](#sprite4-p87)
Argentina;Olimpo;[](#sprite2-p195)
Argentina;Talleres de Córdoba;[](#sprite7-p456)
Argentina;Atlético Tucumán;[](#sprite7-p193)
Argentina;Platense;[](#sprite2-p253)
Argentina;All Boys;[](#sprite2-p420)
Argentina;Lanús;[](#sprite2-p444)
Argentina;Instituto ACC;[](#sprite4-p415)
Argentina;Argentinos Juniors;[](#sprite2-p275)
Argentina;Tigre;[](#sprite2-p229)
Argentina;Excursionistas;[](#sprite8-p134)
Argentina;Gimnasia;[](#sprite4-p297)
Argentina;Ferro Carril Oeste;[](#sprite4-p90)
Argentina;Atlético de Rafaela;[](#sprite5-p113)
Argentina;Unión;[](#sprite5-p115)
Argentina;Godoy Cruz;[](#sprite5-p20)
Argentina;Quilmes;[](#sprite4-p162)
Argentina;Boca Unidos;[](#sprite7-p453)
Argentina;Defensa y Justicia;[](#sprite5-p119)
Mexico;Chivas;[](#sprite1-p47)
Mexico;América;[](#sprite1-p61)
Mexico;Cruz Azul;[](#sprite1-p111)
Mexico;Tigres;[](#sprite1-p173)
Mexico;Pumas;[](#sprite1-p137)
Mexico;Monterrey;[](#sprite1-p161)
Mexico;Tijuana;[](#sprite1-p150)
Mexico;Santos Laguna;[](#sprite1-p214)
Mexico;Atlas;[](#sprite1-p272)
Mexico;Monarcas Morelia;[](#sprite1-p257)
Mexico;León;[](#sprite1-p372)
Mexico;Toluca;[](#sprite1-p322)
Mexico;Necaxa;[](#sprite2-p490)
Mexico;Pachuca;[](#sprite2-p56)
Mexico;Juárez;[](#sprite5-p155)
Mexico;Puebla;[](#sprite2-p92)
Mexico;Tiburones Rojos de Veracruz;[](#sprite2-p110)
Mexico;Querétaro;[](#sprite2-p65)
Mexico;Atlante;[](#sprite2-p189)
Mexico;Dorados;[](#sprite4-p4)
Mexico;Chiapas;[](#sprite4-p179)
Others;Qarabağ;[](#sprite4-p342)
Others;Astana;[](#sprite3-p24)
Others;Beitar Jerusalem;[](#sprite2-p54)
Others;Hapoel Be'er Sheva;[](#sprite5-p403)
Others;Hapoel Tel Aviv;[](#sprite1-p371)
Others;Maccabi Tel Aviv;[](#sprite1-p338)
Others;Maribor;[](#sprite1-p411)
Others;Olimpija Ljubljana;[](#sprite2-p77)
Others;Hafnarfjordur;[](#sprite2-p7)
Others;Vardar;[](#sprite2-p337)
Others;Shkëndija;[](#sprite5-p348)
Others;Atlético Nacional;[](#sprite1-p232)
Others;Millonarios;[](#sprite1-p251)
Others;Deportivo Cali;[](#sprite1-p426)
Others;Santa Fe;[](#sprite2-p47)
Others;Independiente Medellín;[](#sprite2-p247)
Others;The Strongest;[](#sprite1-p377)
Others;Bolívar;[](#sprite2-p481)
Others;Portimonense;[](#sprite8-p469)
Others;Suduva;[](#sprite5-p465)
Others;Sheriff Tiraspol;[](#sprite4-p395)
Others;Spartak Trnava;[](#sprite5-p448)
Others;BATE;[](#sprite4-p43)
Others;Dinamo Minsk;[](#sprite5-p243)
Others;HJK;[](#sprite1-p319)
Others;Dinamo Brest;[](#sprite5-p366)
Others;Hapoel Haifa;[](#sprite7-p398)
Others;Colo-Colo;[](#sprite1-p243)
Others;Real Potosí;[](#sprite5-p500)
Others;J. Wilstermann;[](#sprite3-p22)
Others;Los Angeles FC;[](#sprite5-p48)
Others;Leixões;[](#sprite8-p481)
